<?xml version="1.0"?>
<doc>
    <assembly>
        "GSLW"
    </assembly>
    <members>
        <member name="M:KrdLab.GSL.Functions.cdf_tdist_Q(System.Double,System.Double)">
            <summary>
自由度<paramref name="dof" />のt分布において，区間[<paramref name="x" />, +inf)の積分値を返す．
</summary>
        </member>
        <member name="T:KrdLab.GSL.Functions">
            <summary>
                <para>GSLの関数を提供するクラス（現在使用不可）</para>
                <para>DLL版があればそちらに乗り換える．</para>
            </summary>
        </member>
    </members>
</doc>